[
  {
    "name": "通道A",
    "url": "https://www.baidu.com/link?url=mOFibfZsoRxAWTsI-Kzyzu15uL3Y-HC4s940m_p4wHe&wd=&eqid=e99567070001cb4f000000066841ea9a&ptname=dm&bucket=VuCtsRS2MCEk"
  },
  {
    "name": "通道A",
    "url": "https://mp.weixin.qq.com/mp/readtemplate?t=pages/wapredirect&url=http://imgs.bkpos.top/huichuan-materialcenter-file/06626732c10346978ea1f4db9ebfc5ce/1ba3f00fe16c4d52a1e1d64980205c57.html?bucket=Nuryfu6ti3RU&bucket=GcuP742DbCSh"
  },
  {
    "name": "通道B",
    "url": "https://www.baidu.com/link?url=CXWPh0dj_rbyXTKXtwgg0f29X3BqbGMSlilcJmXxBty&wd=&eqid=a4b5ceb8008ae9d40000000668493970&ptname=dm&bucket=zUbRWpcPJq8T"
  },
  {
    "name": "通道B",
    "url": "https://mp.weixin.qq.com/mp/readtemplate?t=pages/wapredirect&url=http://cbprodterm.manulife-sinochem.com/huichuan-materialcenter-file/48245464e53c466bbeaf8ff24f83eb67/ddae288c348a4f338ec49473e9e26ae2.html?bucket=WDWXJt2xeKSe&bucket=GcuP742DbCSh"
  }
]